,HITId,HITTypeId,Title,Description,Keywords,Reward,CreationTime,MaxAssignments,RequesterAnnotation,AssignmentDurationInSeconds,AutoApprovalDelayInSeconds,Expiration,NumberOfSimilarHITs,LifetimeInSeconds,AssignmentId,WorkerId,AssignmentStatus,AcceptTime,SubmitTime,AutoApprovalTime,ApprovalTime,RejectionTime,RequesterFeedback,WorkTimeInSeconds,LifetimeApprovalRate,Last30DaysApprovalRate,Last7DaysApprovalRate,Input.image_url,Answer.annotatedResult.boundingBoxes,Answer.annotatedResult.inputImageProperties.height,Answer.annotatedResult.inputImageProperties.width,Approve,Reject,CVApproval
0,3SA4EMRVKZDICNN885UQ3C0KIB8P02,3A16Z74070XQIKKB86WXHX3JHRKJOP,Draw bounding boxes around the requested items on the street camera images,"Draw bounding boxes around the object of following classes: 'Car', 'Van', 'Truck', 'Trailer', 'Bus', 'Motorbike', 'Bicycle', 'Heavy Equipment', 'Car Trailer', 'Bicycle', 'Tractor', 'Pedestrian'","bounding box, camera",$0.01,Fri Apr 17 13:26:16 PDT 2020,2,BatchId:3998716;OriginalHitTemplateId:928390838;,3600,259200,Fri Apr 24 13:26:16 PDT 2020,,,3C44YUNSI60EXRLVAKNM73GPNGFPDA,A26LW87UX8WSWC,Approved,Sun Apr 19 01:53:40 PDT 2020,Sun Apr 19 01:54:44 PDT 2020,Wed Apr 22 01:54:44 PDT 2020,Wed Apr 22 01:55:15 PDT 2020,,,64,100% (5/5),100% (5/5),100% (5/5),https://reconai-traffic.s3.eu-central-1.amazonaws.com/images/C0163301_r0_w0_2020-02-24_18-25-51.jpg,"[{""height"":58,""label"":""Car"",""left"":521,""top"":110,""width"":67}]",576,720,,,0
1,391JB9X402JE4AXZKICG5SLYR43MK9,3A16Z74070XQIKKB86WXHX3JHRKJOP,Draw bounding boxes around the requested items on the street camera images,"Draw bounding boxes around the object of following classes: 'Car', 'Van', 'Truck', 'Trailer', 'Bus', 'Motorbike', 'Bicycle', 'Heavy Equipment', 'Car Trailer', 'Bicycle', 'Tractor', 'Pedestrian'","bounding box, camera",$0.01,Fri Apr 17 13:26:17 PDT 2020,2,BatchId:3998716;OriginalHitTemplateId:928390838;,3600,259200,Fri Apr 24 13:26:17 PDT 2020,,,3II4UPYCOOIZX3MAAX2B786ZSC1QD2,A3UF6XXFFRR237,Approved,Sun Apr 19 01:52:51 PDT 2020,Sun Apr 19 01:55:00 PDT 2020,Wed Apr 22 01:55:00 PDT 2020,Wed Apr 22 01:55:15 PDT 2020,,,129,100% (5/5),100% (5/5),100% (5/5),https://reconai-traffic.s3.eu-central-1.amazonaws.com/images/C0360400_r0_w0_2020-02-24_18-34-19.jpg,"[{""height"":22,""label"":""Trailer"",""left"":582,""top"":36,""width"":21},{""height"":21,""label"":""Car"",""left"":594,""top"":99,""width"":23},{""height"":10,""label"":""Car"",""left"":559,""top"":47,""width"":13}]",576,720,,,0
2,366FYU4PUK0GSM5M3KOXSKGPI2CKEI,3A16Z74070XQIKKB86WXHX3JHRKJOP,Draw bounding boxes around the requested items on the street camera images,"Draw bounding boxes around the object of following classes: 'Car', 'Van', 'Truck', 'Trailer', 'Bus', 'Motorbike', 'Bicycle', 'Heavy Equipment', 'Car Trailer', 'Bicycle', 'Tractor', 'Pedestrian'","bounding box, camera",$0.01,Fri Apr 17 13:26:18 PDT 2020,2,BatchId:3998716;OriginalHitTemplateId:928390838;,3600,259200,Fri Apr 24 13:26:18 PDT 2020,,,38BQUHLA91BZGLF78D9A1TYTMPBMO8,A26LW87UX8WSWC,Approved,Sun Apr 19 01:55:01 PDT 2020,Sun Apr 19 01:55:24 PDT 2020,Wed Apr 22 01:55:24 PDT 2020,Wed Apr 22 01:56:15 PDT 2020,,,23,100% (5/5),100% (5/5),100% (5/5),https://reconai-traffic.s3.eu-central-1.amazonaws.com/images/C0153202_r0_w0_2020-02-21_15-26-28.jpg,"[{""height"":99,""label"":""Van"",""left"":96,""top"":254,""width"":59}]",576,704,,,0
3,32204AGABFNNAA053UBOFVL931NHGS,3A16Z74070XQIKKB86WXHX3JHRKJOP,Draw bounding boxes around the requested items on the street camera images,"Draw bounding boxes around the object of following classes: 'Car', 'Van', 'Truck', 'Trailer', 'Bus', 'Motorbike', 'Bicycle', 'Heavy Equipment', 'Car Trailer', 'Bicycle', 'Tractor', 'Pedestrian'","bounding box, camera",$0.01,Fri Apr 17 13:26:17 PDT 2020,2,BatchId:3998716;OriginalHitTemplateId:928390838;,3600,259200,Fri Apr 24 13:26:17 PDT 2020,,,3A7Y0R2P2TZW9MNE67JE4EX5UZLXJK,A1J9HC850YFS8J,Approved,Sun Apr 19 02:09:00 PDT 2020,Sun Apr 19 02:10:09 PDT 2020,Wed Apr 22 02:10:09 PDT 2020,Wed Apr 22 02:10:15 PDT 2020,,,69,100% (8/8),100% (8/8),100% (8/8),https://reconai-traffic.s3.eu-central-1.amazonaws.com/images/C0153100_r0_w0_2020-02-24_13-30-50.jpg,"[{""height"":25,""label"":""Trailer"",""left"":199,""top"":298,""width"":16},{""height"":37,""label"":""Trailer"",""left"":197,""top"":293,""width"":25},{""height"":54,""label"":""Car"",""left"":620,""top"":239,""width"":68}]",576,704,,,0
4,35YHTYFL2KEMEBZUXZMACBC6A1YFVH,3A16Z74070XQIKKB86WXHX3JHRKJOP,Draw bounding boxes around the requested items on the street camera images,"Draw bounding boxes around the object of following classes: 'Car', 'Van', 'Truck', 'Trailer', 'Bus', 'Motorbike', 'Bicycle', 'Heavy Equipment', 'Car Trailer', 'Bicycle', 'Tractor', 'Pedestrian'","bounding box, camera",$0.01,Fri Apr 17 13:26:18 PDT 2020,2,BatchId:3998716;OriginalHitTemplateId:928390838;,3600,259200,Fri Apr 24 13:26:18 PDT 2020,,,3HUTX6F6VZY99HBEYVQQMKKVGKV2OY,A1J9HC850YFS8J,Approved,Sun Apr 19 02:10:37 PDT 2020,Sun Apr 19 02:11:09 PDT 2020,Wed Apr 22 02:11:09 PDT 2020,Wed Apr 22 02:11:15 PDT 2020,,,32,100% (8/8),100% (8/8),100% (8/8),https://reconai-traffic.s3.eu-central-1.amazonaws.com/images/C0153801_r0_w0_2020-02-24_13-26-54.jpg,"[{""height"":39,""label"":""Van"",""left"":346,""top"":285,""width"":30},{""height"":44,""label"":""Van"",""left"":387,""top"":227,""width"":29},{""height"":29,""label"":""Van"",""left"":424,""top"":141,""width"":25}]",576,704,,,0
5,3ABAOCJ4SCF0FDVUXNWD1EX7QAVMQ1,3A16Z74070XQIKKB86WXHX3JHRKJOP,Draw bounding boxes around the requested items on the street camera images,"Draw bounding boxes around the object of following classes: 'Car', 'Van', 'Truck', 'Trailer', 'Bus', 'Motorbike', 'Bicycle', 'Heavy Equipment', 'Car Trailer', 'Bicycle', 'Tractor', 'Pedestrian'","bounding box, camera",$0.01,Fri Apr 17 13:26:18 PDT 2020,2,BatchId:3998716;OriginalHitTemplateId:928390838;,3600,259200,Fri Apr 24 13:26:18 PDT 2020,,,32XVDSJFP48L9EQ2LFBDUGVQLKG2MJ,A1J9HC850YFS8J,Approved,Sun Apr 19 02:10:28 PDT 2020,Sun Apr 19 02:10:33 PDT 2020,Wed Apr 22 02:10:33 PDT 2020,Wed Apr 22 02:11:15 PDT 2020,,,5,100% (8/8),100% (8/8),100% (8/8),https://reconai-traffic.s3.eu-central-1.amazonaws.com/images/C0153801_r0_w0_2020-02-24_16-02-54.jpg,[],576,704,,,0
6,3M67TQBQRLZTLD5JJIVM6SCIMT2A9J,3A16Z74070XQIKKB86WXHX3JHRKJOP,Draw bounding boxes around the requested items on the street camera images,"Draw bounding boxes around the object of following classes: 'Car', 'Van', 'Truck', 'Trailer', 'Bus', 'Motorbike', 'Bicycle', 'Heavy Equipment', 'Car Trailer', 'Bicycle', 'Tractor', 'Pedestrian'","bounding box, camera",$0.01,Fri Apr 17 13:26:18 PDT 2020,2,BatchId:3998716;OriginalHitTemplateId:928390838;,3600,259200,Fri Apr 24 13:26:18 PDT 2020,,,3TEM0PF1QA8B9AHBTZ8WS2FHF84D0S,A1J9HC850YFS8J,Approved,Sun Apr 19 02:10:14 PDT 2020,Sun Apr 19 02:10:23 PDT 2020,Wed Apr 22 02:10:23 PDT 2020,Wed Apr 22 02:11:15 PDT 2020,,,9,100% (8/8),100% (8/8),100% (8/8),https://reconai-traffic.s3.eu-central-1.amazonaws.com/images/C0153801_r0_w0_2020-02-25_08-45-22.jpg,[],576,704,,,0
7,3VW0145YM2NJTQRH2XC44DLLCF3MJA,3A16Z74070XQIKKB86WXHX3JHRKJOP,Draw bounding boxes around the requested items on the street camera images,"Draw bounding boxes around the object of following classes: 'Car', 'Van', 'Truck', 'Trailer', 'Bus', 'Motorbike', 'Bicycle', 'Heavy Equipment', 'Car Trailer', 'Bicycle', 'Tractor', 'Pedestrian'","bounding box, camera",$0.01,Fri Apr 17 13:26:16 PDT 2020,2,BatchId:3998716;OriginalHitTemplateId:928390838;,3600,259200,Fri Apr 24 13:26:16 PDT 2020,,,3PEIJLRY6Y4IF6NDD62TT4RDWVUXWF,A1J9HC850YFS8J,Approved,Sun Apr 19 02:11:45 PDT 2020,Sun Apr 19 02:11:52 PDT 2020,Wed Apr 22 02:11:52 PDT 2020,Wed Apr 22 02:12:15 PDT 2020,,,7,100% (8/8),100% (8/8),100% (8/8),https://reconai-traffic.s3.eu-central-1.amazonaws.com/images/C0163400_r0_w0_2020-02-23_12-34-09.jpg,[],576,720,,,0
8,301KG0KXAGWXVGSY4FQZDRR8TII2HU,3A16Z74070XQIKKB86WXHX3JHRKJOP,Draw bounding boxes around the requested items on the street camera images,"Draw bounding boxes around the object of following classes: 'Car', 'Van', 'Truck', 'Trailer', 'Bus', 'Motorbike', 'Bicycle', 'Heavy Equipment', 'Car Trailer', 'Bicycle', 'Tractor', 'Pedestrian'","bounding box, camera",$0.01,Fri Apr 17 13:26:17 PDT 2020,2,BatchId:3998716;OriginalHitTemplateId:928390838;,3600,259200,Fri Apr 24 13:26:17 PDT 2020,,,39LOEL67OXGV97KHVEFZ88ZN7TR83C,A1J9HC850YFS8J,Approved,Sun Apr 19 02:11:57 PDT 2020,Sun Apr 19 02:12:13 PDT 2020,Wed Apr 22 02:12:13 PDT 2020,Wed Apr 22 02:12:15 PDT 2020,,,16,100% (8/8),100% (8/8),100% (8/8),https://reconai-traffic.s3.eu-central-1.amazonaws.com/images/C0153100_r0_w0_2020-02-21_15-30-50.jpg,"[{""height"":48,""label"":""Van"",""left"":142,""top"":285,""width"":28},{""height"":22,""label"":""Car"",""left"":234,""top"":196,""width"":14}]",576,704,,,0
9,3EKTG13I0YEPOGFH5IOHKSYDG48MLC,3A16Z74070XQIKKB86WXHX3JHRKJOP,Draw bounding boxes around the requested items on the street camera images,"Draw bounding boxes around the object of following classes: 'Car', 'Van', 'Truck', 'Trailer', 'Bus', 'Motorbike', 'Bicycle', 'Heavy Equipment', 'Car Trailer', 'Bicycle', 'Tractor', 'Pedestrian'","bounding box, camera",$0.01,Fri Apr 17 13:26:17 PDT 2020,2,BatchId:3998716;OriginalHitTemplateId:928390838;,3600,259200,Fri Apr 24 13:26:17 PDT 2020,,,3C6FJU71TV4UN7OIN29UUUDPDLDUYJ,A1J9HC850YFS8J,Approved,Sun Apr 19 02:11:14 PDT 2020,Sun Apr 19 02:11:19 PDT 2020,Wed Apr 22 02:11:19 PDT 2020,Wed Apr 22 02:12:15 PDT 2020,,,5,100% (8/8),100% (8/8),100% (8/8),https://reconai-traffic.s3.eu-central-1.amazonaws.com/images/C0153100_r0_w0_2020-02-24_03-30-50.jpg,[],576,704,,,0
10,3UEBBGULQJZM1WAUS9C5GPANWUPFUS,3A16Z74070XQIKKB86WXHX3JHRKJOP,Draw bounding boxes around the requested items on the street camera images,"Draw bounding boxes around the object of following classes: 'Car', 'Van', 'Truck', 'Trailer', 'Bus', 'Motorbike', 'Bicycle', 'Heavy Equipment', 'Car Trailer', 'Bicycle', 'Tractor', 'Pedestrian'","bounding box, camera",$0.01,Fri Apr 17 13:26:18 PDT 2020,2,BatchId:3998716;OriginalHitTemplateId:928390838;,3600,259200,Fri Apr 24 13:26:18 PDT 2020,,,3N1FSUEFLABS8YZCC0VY455UWKKD48,A26LW87UX8WSWC,Approved,Sun Apr 19 02:11:48 PDT 2020,Sun Apr 19 02:12:10 PDT 2020,Wed Apr 22 02:12:10 PDT 2020,Wed Apr 22 02:12:15 PDT 2020,,,22,100% (5/5),100% (5/5),100% (5/5),https://reconai-traffic.s3.eu-central-1.amazonaws.com/images/C0153201_r0_w0_2020-02-24_16-02-49.jpg,"[{""height"":146,""label"":""Car"",""left"":94,""top"":244,""width"":71}]",576,704,,,0
11,32PT7WK7EQQ54IJFMJLE5GH274PD37,3A16Z74070XQIKKB86WXHX3JHRKJOP,Draw bounding boxes around the requested items on the street camera images,"Draw bounding boxes around the object of following classes: 'Car', 'Van', 'Truck', 'Trailer', 'Bus', 'Motorbike', 'Bicycle', 'Heavy Equipment', 'Car Trailer', 'Bicycle', 'Tractor', 'Pedestrian'","bounding box, camera",$0.01,Fri Apr 17 13:26:18 PDT 2020,2,BatchId:3998716;OriginalHitTemplateId:928390838;,3600,259200,Fri Apr 24 13:26:18 PDT 2020,,,37M28K1J0VOKD9FLVXR0K6M7TEDAJU,A1J9HC850YFS8J,Approved,Sun Apr 19 02:11:23 PDT 2020,Sun Apr 19 02:11:41 PDT 2020,Wed Apr 22 02:11:41 PDT 2020,Wed Apr 22 02:12:15 PDT 2020,,,18,100% (8/8),100% (8/8),100% (8/8),https://reconai-traffic.s3.eu-central-1.amazonaws.com/images/C0153202_r0_w0_2020-02-24_18-26-28.jpg,"[{""height"":37,""label"":""Car"",""left"":590,""top"":287,""width"":58},{""height"":53,""label"":""Car"",""left"":538,""top"":332,""width"":68},{""height"":36,""label"":""Car"",""left"":465,""top"":216,""width"":45},{""height"":28,""label"":""Car"",""left"":508,""top"":195,""width"":34},{""height"":17,""label"":""Car"",""left"":467,""top"":163,""width"":34}]",576,704,,,0
12,37SDSEDIODDXDK99I7WFVVO4YTE814,3A16Z74070XQIKKB86WXHX3JHRKJOP,Draw bounding boxes around the requested items on the street camera images,"Draw bounding boxes around the object of following classes: 'Car', 'Van', 'Truck', 'Trailer', 'Bus', 'Motorbike', 'Bicycle', 'Heavy Equipment', 'Car Trailer', 'Bicycle', 'Tractor', 'Pedestrian'","bounding box, camera",$0.01,Fri Apr 17 13:26:18 PDT 2020,2,BatchId:3998716;OriginalHitTemplateId:928390838;,3600,259200,Fri Apr 24 13:26:18 PDT 2020,,,3HWRJOOETADG2PFNYW208Q3LACNSEM,A26LW87UX8WSWC,Approved,Sun Apr 19 02:11:09 PDT 2020,Sun Apr 19 02:11:33 PDT 2020,Wed Apr 22 02:11:33 PDT 2020,Wed Apr 22 02:12:15 PDT 2020,,,24,100% (5/5),100% (5/5),100% (5/5),https://reconai-traffic.s3.eu-central-1.amazonaws.com/images/C0153801_r0_w0_2020-02-25_08-09-22.jpg,"[{""height"":66,""label"":""Trailer"",""left"":402,""top"":86,""width"":67}]",576,704,,,0
13,3LOJFQ4BP1QB0GRM7PDDM2Y4IQBKDP,3A16Z74070XQIKKB86WXHX3JHRKJOP,Draw bounding boxes around the requested items on the street camera images,"Draw bounding boxes around the object of following classes: 'Car', 'Van', 'Truck', 'Trailer', 'Bus', 'Motorbike', 'Bicycle', 'Heavy Equipment', 'Car Trailer', 'Bicycle', 'Tractor', 'Pedestrian'","bounding box, camera",$0.01,Fri Apr 17 13:26:17 PDT 2020,2,BatchId:3998716;OriginalHitTemplateId:928390838;,3600,259200,Fri Apr 24 13:26:17 PDT 2020,,,3LEP4MGT3LBCTXKLRF5LCJB06C1DBE,A26LW87UX8WSWC,Approved,Sun Apr 19 02:13:38 PDT 2020,Sun Apr 19 02:16:16 PDT 2020,Wed Apr 22 02:16:16 PDT 2020,Wed Apr 22 02:17:15 PDT 2020,,,158,100% (5/5),100% (5/5),100% (5/5),https://reconai-traffic.s3.eu-central-1.amazonaws.com/images/C0153201_r0_w0_2020-02-24_13-26-50.jpg,"[{""height"":73,""label"":""Car"",""left"":516,""top"":164,""width"":92}]",576,704,,,0
14,3PA41K45WRFWUYNST4FZIRA7QPEP72,3A16Z74070XQIKKB86WXHX3JHRKJOP,Draw bounding boxes around the requested items on the street camera images,"Draw bounding boxes around the object of following classes: 'Car', 'Van', 'Truck', 'Trailer', 'Bus', 'Motorbike', 'Bicycle', 'Heavy Equipment', 'Car Trailer', 'Bicycle', 'Tractor', 'Pedestrian'","bounding box, camera",$0.01,Fri Apr 17 13:26:18 PDT 2020,2,BatchId:3998716;OriginalHitTemplateId:928390838;,3600,259200,Fri Apr 24 13:26:18 PDT 2020,,,30BUDKLTXI6FWNHCM0PSFFTTWSG5EY,A3UF6XXFFRR237,Approved,Sun Apr 19 02:11:13 PDT 2020,Sun Apr 19 02:16:54 PDT 2020,Wed Apr 22 02:16:54 PDT 2020,Wed Apr 22 02:17:15 PDT 2020,,,341,100% (5/5),100% (5/5),100% (5/5),https://reconai-traffic.s3.eu-central-1.amazonaws.com/images/C0153801_r0_w0_2020-02-25_09-21-22.jpg,"[{""height"":10,""label"":""Car"",""left"":350,""top"":48,""width"":12},{""height"":12,""label"":""Van"",""left"":340,""top"":40,""width"":11},{""height"":7,""label"":""Heavy Equipment"",""left"":236,""top"":19,""width"":6}]",576,704,,,0
15,3DZKABX20MGFBZFK6XW945R3DO6CV3,3A16Z74070XQIKKB86WXHX3JHRKJOP,Draw bounding boxes around the requested items on the street camera images,"Draw bounding boxes around the object of following classes: 'Car', 'Van', 'Truck', 'Trailer', 'Bus', 'Motorbike', 'Bicycle', 'Heavy Equipment', 'Car Trailer', 'Bicycle', 'Tractor', 'Pedestrian'","bounding box, camera",$0.01,Fri Apr 17 13:26:15 PDT 2020,2,BatchId:3998716;OriginalHitTemplateId:928390838;,3600,259200,Fri Apr 24 13:26:15 PDT 2020,,,34Z02EIMIXOIQZD8FP8BX6X3IUS0TY,A3UF6XXFFRR237,Approved,Sun Apr 19 02:18:19 PDT 2020,Sun Apr 19 02:21:11 PDT 2020,Wed Apr 22 02:21:11 PDT 2020,Wed Apr 22 02:21:15 PDT 2020,,,172,100% (5/5),100% (5/5),100% (5/5),https://reconai-traffic.s3.eu-central-1.amazonaws.com/images/C0153900_r0_w0_2020-02-23_12-24-30.jpg,"[{""height"":13,""label"":""Car"",""left"":56,""top"":183,""width"":25},{""height"":11,""label"":""Car"",""left"":57,""top"":176,""width"":23},{""height"":19,""label"":""Heavy Equipment"",""left"":21,""top"":219,""width"":45},{""height"":13,""label"":""Car"",""left"":24,""top"":230,""width"":39},{""height"":28,""label"":""Van"",""left"":12,""top"":236,""width"":52}]",576,704,,,0
16,3X55NP42FSRETFM5RSC95AYRLNSP3X,3A16Z74070XQIKKB86WXHX3JHRKJOP,Draw bounding boxes around the requested items on the street camera images,"Draw bounding boxes around the object of following classes: 'Car', 'Van', 'Truck', 'Trailer', 'Bus', 'Motorbike', 'Bicycle', 'Heavy Equipment', 'Car Trailer', 'Bicycle', 'Tractor', 'Pedestrian'","bounding box, camera",$0.01,Fri Apr 17 13:26:17 PDT 2020,2,BatchId:3998716;OriginalHitTemplateId:928390838;,3600,259200,Fri Apr 24 13:26:17 PDT 2020,,,3C44YUNSI60EXRLVAKNM73GPNGGDPZ,A3UF6XXFFRR237,Approved,Sun Apr 19 02:18:27 PDT 2020,Sun Apr 19 02:23:24 PDT 2020,Wed Apr 22 02:23:24 PDT 2020,Wed Apr 22 02:24:15 PDT 2020,,,297,100% (5/5),100% (5/5),100% (5/5),https://reconai-traffic.s3.eu-central-1.amazonaws.com/images/C0360400_r0_w0_2020-02-25_08-46-19.jpg,"[{""height"":24,""label"":""Trailer"",""left"":542,""top"":44,""width"":22},{""height"":13,""label"":""Car"",""left"":613,""top"":83,""width"":17}]",576,720,,,0
17,338GLSUI57M6MJIQ34H51OSZBX4FSC,3A16Z74070XQIKKB86WXHX3JHRKJOP,Draw bounding boxes around the requested items on the street camera images,"Draw bounding boxes around the object of following classes: 'Car', 'Van', 'Truck', 'Trailer', 'Bus', 'Motorbike', 'Bicycle', 'Heavy Equipment', 'Car Trailer', 'Bicycle', 'Tractor', 'Pedestrian'","bounding box, camera",$0.01,Fri Apr 17 13:26:17 PDT 2020,2,BatchId:3998716;OriginalHitTemplateId:928390838;,3600,259200,Fri Apr 24 13:26:17 PDT 2020,,,3D3VGR7TA5Q1RCZDUNLZZPUSXLF3RJ,A3VVSP8OL29QJM,Approved,Sun Apr 19 02:23:08 PDT 2020,Sun Apr 19 02:24:57 PDT 2020,Wed Apr 22 02:24:57 PDT 2020,Wed Apr 22 02:25:15 PDT 2020,,,109,100% (7/7),100% (7/7),100% (7/7),https://reconai-traffic.s3.eu-central-1.amazonaws.com/images/C0153100_r0_w0_2020-02-23_12-30-50.jpg,"[{""height"":12,""label"":""Car"",""left"":242,""top"":183,""width"":16}]",576,704,,,0
18,3O71U79SSF0CSTA7PRLIWEC88YGMSQ,3A16Z74070XQIKKB86WXHX3JHRKJOP,Draw bounding boxes around the requested items on the street camera images,"Draw bounding boxes around the object of following classes: 'Car', 'Van', 'Truck', 'Trailer', 'Bus', 'Motorbike', 'Bicycle', 'Heavy Equipment', 'Car Trailer', 'Bicycle', 'Tractor', 'Pedestrian'","bounding box, camera",$0.01,Fri Apr 17 13:26:19 PDT 2020,2,BatchId:3998716;OriginalHitTemplateId:928390838;,3600,259200,Fri Apr 24 13:26:19 PDT 2020,,,33LK57MYLYGEDK6JUJGDT043YIXSZT,ALPARR84EASL2,Approved,Sun Apr 19 02:24:50 PDT 2020,Sun Apr 19 02:25:05 PDT 2020,Wed Apr 22 02:25:05 PDT 2020,Wed Apr 22 02:25:15 PDT 2020,,,15,100% (4/4),100% (4/4),100% (4/4),https://reconai-traffic.s3.eu-central-1.amazonaws.com/images/C0158404_r0_w0_2020-02-24_09-25-56.jpg,"[{""height"":37,""label"":""Car"",""left"":327,""top"":292,""width"":41},{""height"":19,""label"":""Car"",""left"":153,""top"":71,""width"":15},{""height"":15,""label"":""Car"",""left"":64,""top"":43,""width"":16}]",576,704,,,0
19,37OPIVELVYEM0JN2HUJEJ9A656AHAG,3A16Z74070XQIKKB86WXHX3JHRKJOP,Draw bounding boxes around the requested items on the street camera images,"Draw bounding boxes around the object of following classes: 'Car', 'Van', 'Truck', 'Trailer', 'Bus', 'Motorbike', 'Bicycle', 'Heavy Equipment', 'Car Trailer', 'Bicycle', 'Tractor', 'Pedestrian'","bounding box, camera",$0.01,Fri Apr 17 13:26:15 PDT 2020,2,BatchId:3998716;OriginalHitTemplateId:928390838;,3600,259200,Fri Apr 24 13:26:15 PDT 2020,,,3U0SRXB7CIG8VGSNC65E83SY226NRJ,A3VVSP8OL29QJM,Approved,Sun Apr 19 02:24:58 PDT 2020,Sun Apr 19 02:26:02 PDT 2020,Wed Apr 22 02:26:02 PDT 2020,Wed Apr 22 02:26:15 PDT 2020,,,64,100% (7/7),100% (7/7),100% (7/7),https://reconai-traffic.s3.eu-central-1.amazonaws.com/images/C0158402_r0_w0_2020-02-24_08-26-08.jpg,"[{""height"":73,""label"":""Car"",""left"":245,""top"":201,""width"":80},{""height"":27,""label"":""Car"",""left"":642,""top"":211,""width"":57}]",576,704,,,0
20,3EPG8DX9MO1H7U995B02K7WBZJJP5N,3A16Z74070XQIKKB86WXHX3JHRKJOP,Draw bounding boxes around the requested items on the street camera images,"Draw bounding boxes around the object of following classes: 'Car', 'Van', 'Truck', 'Trailer', 'Bus', 'Motorbike', 'Bicycle', 'Heavy Equipment', 'Car Trailer', 'Bicycle', 'Tractor', 'Pedestrian'","bounding box, camera",$0.01,Fri Apr 17 13:26:17 PDT 2020,2,BatchId:3998716;OriginalHitTemplateId:928390838;,3600,259200,Fri Apr 24 13:26:17 PDT 2020,,,3RRCEFRB7RNZT11SY44S9FHUTZ8B4Z,A3UF6XXFFRR237,Approved,Sun Apr 19 02:18:28 PDT 2020,Sun Apr 19 02:25:25 PDT 2020,Wed Apr 22 02:25:25 PDT 2020,Wed Apr 22 02:26:15 PDT 2020,,,417,100% (5/5),100% (5/5),100% (5/5),https://reconai-traffic.s3.eu-central-1.amazonaws.com/images/C0153201_r0_w0_2020-02-23_12-26-50.jpg,"[{""height"":10,""label"":""Van"",""left"":294,""top"":41,""width"":11},{""height"":11,""label"":""Car"",""left"":279,""top"":57,""width"":15},{""height"":8,""label"":""Car"",""left"":313,""top"":43,""width"":13},{""height"":9,""label"":""Car"",""left"":316,""top"":34,""width"":12},{""height"":10,""label"":""Car"",""left"":302,""top"":30,""width"":9},{""height"":9,""label"":""Car"",""left"":318,""top"":26,""width"":9},{""height"":12,""label"":""Van"",""left"":413,""top"":41,""width"":10},{""height"":13,""label"":""Car"",""left"":479,""top"":81,""width"":14},{""height"":6,""label"":""Car"",""left"":411,""top"":31,""width"":8}]",576,704,,,0
21,30Z7M1Q8V2VT78M9EQP86WH72NKA8U,3A16Z74070XQIKKB86WXHX3JHRKJOP,Draw bounding boxes around the requested items on the street camera images,"Draw bounding boxes around the object of following classes: 'Car', 'Van', 'Truck', 'Trailer', 'Bus', 'Motorbike', 'Bicycle', 'Heavy Equipment', 'Car Trailer', 'Bicycle', 'Tractor', 'Pedestrian'","bounding box, camera",$0.01,Fri Apr 17 13:26:18 PDT 2020,2,BatchId:3998716;OriginalHitTemplateId:928390838;,3600,259200,Fri Apr 24 13:26:18 PDT 2020,,,3JCG6DTRV81TMCQFFJ8V77DYBRRQQ8,ALPARR84EASL2,Approved,Sun Apr 19 02:25:06 PDT 2020,Sun Apr 19 02:25:37 PDT 2020,Wed Apr 22 02:25:37 PDT 2020,Wed Apr 22 02:26:15 PDT 2020,,,31,100% (4/4),100% (4/4),100% (4/4),https://reconai-traffic.s3.eu-central-1.amazonaws.com/images/C0153202_r0_w0_2020-02-24_08-26-28.jpg,"[{""height"":10,""label"":""Truck"",""left"":240,""top"":119,""width"":7},{""height"":25,""label"":""Car"",""left"":624,""top"":306,""width"":31}]",576,704,,,0
22,3RIHDBQ1OI9N2KWREX9JS056ZNZHM0,3A16Z74070XQIKKB86WXHX3JHRKJOP,Draw bounding boxes around the requested items on the street camera images,"Draw bounding boxes around the object of following classes: 'Car', 'Van', 'Truck', 'Trailer', 'Bus', 'Motorbike', 'Bicycle', 'Heavy Equipment', 'Car Trailer', 'Bicycle', 'Tractor', 'Pedestrian'","bounding box, camera",$0.01,Fri Apr 17 13:26:19 PDT 2020,2,BatchId:3998716;OriginalHitTemplateId:928390838;,3600,259200,Fri Apr 24 13:26:19 PDT 2020,,,3SBEHTYCWSEPEGTITLKGBRPEJQRIY0,ALPARR84EASL2,Approved,Sun Apr 19 02:25:43 PDT 2020,Sun Apr 19 02:25:50 PDT 2020,Wed Apr 22 02:25:50 PDT 2020,Wed Apr 22 02:26:15 PDT 2020,,,7,100% (4/4),100% (4/4),100% (4/4),https://reconai-traffic.s3.eu-central-1.amazonaws.com/images/C0158404_r0_w0_2020-02-24_16-01-56.jpg,"[{""height"":37,""label"":""Car"",""left"":638,""top"":469,""width"":58}]",576,704,,,0
23,3RWB1RTQENY0UCSB3975WR6219KP8P,3A16Z74070XQIKKB86WXHX3JHRKJOP,Draw bounding boxes around the requested items on the street camera images,"Draw bounding boxes around the object of following classes: 'Car', 'Van', 'Truck', 'Trailer', 'Bus', 'Motorbike', 'Bicycle', 'Heavy Equipment', 'Car Trailer', 'Bicycle', 'Tractor', 'Pedestrian'","bounding box, camera",$0.01,Fri Apr 17 13:26:18 PDT 2020,2,BatchId:3998716;OriginalHitTemplateId:928390838;,3600,259200,Fri Apr 24 13:26:18 PDT 2020,,,3GS6S824SV8D3C99B0FKV20FUHLNWM,ALPARR84EASL2,Approved,Sun Apr 19 02:26:13 PDT 2020,Sun Apr 19 02:26:31 PDT 2020,Wed Apr 22 02:26:31 PDT 2020,Wed Apr 22 02:27:15 PDT 2020,,,18,100% (4/4),100% (4/4),100% (4/4),https://reconai-traffic.s3.eu-central-1.amazonaws.com/images/C0158404_r0_w0_2020-02-23_12-25-56.jpg,"[{""height"":21,""label"":""Car"",""left"":351,""top"":148,""width"":25},{""height"":31,""label"":""Car"",""left"":676,""top"":440,""width"":22},{""height"":25,""label"":""Car"",""left"":5,""top"":113,""width"":20}]",576,704,,,0
24,34F34TZU80ATMMNOSFTKP47N6AM2JZ,3A16Z74070XQIKKB86WXHX3JHRKJOP,Draw bounding boxes around the requested items on the street camera images,"Draw bounding boxes around the object of following classes: 'Car', 'Van', 'Truck', 'Trailer', 'Bus', 'Motorbike', 'Bicycle', 'Heavy Equipment', 'Car Trailer', 'Bicycle', 'Tractor', 'Pedestrian'","bounding box, camera",$0.01,Fri Apr 17 13:26:17 PDT 2020,2,BatchId:3998716;OriginalHitTemplateId:928390838;,3600,259200,Fri Apr 24 13:26:17 PDT 2020,,,3WMOAN2SRG80ON94LQAO90H1N8JNVC,A3VVSP8OL29QJM,Approved,Sun Apr 19 02:26:02 PDT 2020,Sun Apr 19 02:27:47 PDT 2020,Wed Apr 22 02:27:47 PDT 2020,Wed Apr 22 02:28:15 PDT 2020,,,105,100% (7/7),100% (7/7),100% (7/7),https://reconai-traffic.s3.eu-central-1.amazonaws.com/images/C0153201_r0_w0_2020-02-23_17-26-49.jpg,"[{""height"":52,""label"":""Car"",""left"":86,""top"":198,""width"":60},{""height"":29,""label"":""Car"",""left"":230,""top"":133,""width"":30},{""height"":27,""label"":""Car"",""left"":195,""top"":119,""width"":31},{""height"":21,""label"":""Car"",""left"":269,""top"":100,""width"":24},{""height"":24,""label"":""Car"",""left"":238,""top"":89,""width"":24},{""height"":14,""label"":""Car"",""left"":484,""top"":87,""width"":25}]",576,704,,,0
25,3JYPJ2TAZMJ99R2YBNDB6JNOODXFPW,3A16Z74070XQIKKB86WXHX3JHRKJOP,Draw bounding boxes around the requested items on the street camera images,"Draw bounding boxes around the object of following classes: 'Car', 'Van', 'Truck', 'Trailer', 'Bus', 'Motorbike', 'Bicycle', 'Heavy Equipment', 'Car Trailer', 'Bicycle', 'Tractor', 'Pedestrian'","bounding box, camera",$0.01,Fri Apr 17 13:26:15 PDT 2020,2,BatchId:3998716;OriginalHitTemplateId:928390838;,3600,259200,Fri Apr 24 13:26:15 PDT 2020,,,33OOO72IVMW2KR8OR51VS7Z4RJPTCK,A3VVSP8OL29QJM,Approved,Sun Apr 19 02:27:47 PDT 2020,Sun Apr 19 02:29:21 PDT 2020,Wed Apr 22 02:29:21 PDT 2020,Wed Apr 22 02:30:15 PDT 2020,,,94,100% (7/7),100% (7/7),100% (7/7),https://reconai-traffic.s3.eu-central-1.amazonaws.com/images/C0158402_r0_w0_2020-02-25_08-10-28.jpg,"[{""height"":396,""label"":""Trailer"",""left"":2,""top"":65,""width"":443},{""height"":21,""label"":""Car"",""left"":495,""top"":21,""width"":40}]",576,704,,,0
26,3IKMEYR0M06OX6T6A0TWQJ70LZM2KY,3A16Z74070XQIKKB86WXHX3JHRKJOP,Draw bounding boxes around the requested items on the street camera images,"Draw bounding boxes around the object of following classes: 'Car', 'Van', 'Truck', 'Trailer', 'Bus', 'Motorbike', 'Bicycle', 'Heavy Equipment', 'Car Trailer', 'Bicycle', 'Tractor', 'Pedestrian'","bounding box, camera",$0.01,Fri Apr 17 13:26:18 PDT 2020,2,BatchId:3998716;OriginalHitTemplateId:928390838;,3600,259200,Fri Apr 24 13:26:18 PDT 2020,,,3H7XDTSHKH27TKSNOW2P5IRIT5ZGW7,A3VVSP8OL29QJM,Approved,Sun Apr 19 02:29:26 PDT 2020,Sun Apr 19 02:29:43 PDT 2020,Wed Apr 22 02:29:43 PDT 2020,Wed Apr 22 02:30:15 PDT 2020,,,17,100% (7/7),100% (7/7),100% (7/7),https://reconai-traffic.s3.eu-central-1.amazonaws.com/images/C0153202_r0_w0_2020-02-21_20-26-28.jpg,[],576,704,,,0
27,30OITAWPCUE8V0DXPO5ENEZMZOSH91,3A16Z74070XQIKKB86WXHX3JHRKJOP,Draw bounding boxes around the requested items on the street camera images,"Draw bounding boxes around the object of following classes: 'Car', 'Van', 'Truck', 'Trailer', 'Bus', 'Motorbike', 'Bicycle', 'Heavy Equipment', 'Car Trailer', 'Bicycle', 'Tractor', 'Pedestrian'","bounding box, camera",$0.01,Fri Apr 17 13:26:15 PDT 2020,2,BatchId:3998716;OriginalHitTemplateId:928390838;,3600,259200,Fri Apr 24 13:26:15 PDT 2020,,,3IJXV6UZ12UGHFHWFQSM3VWHG3CRI7,A3VVSP8OL29QJM,Approved,Sun Apr 19 02:29:45 PDT 2020,Sun Apr 19 02:30:38 PDT 2020,Wed Apr 22 02:30:38 PDT 2020,Wed Apr 22 02:31:15 PDT 2020,,,53,100% (7/7),100% (7/7),100% (7/7),https://reconai-traffic.s3.eu-central-1.amazonaws.com/images/C0153900_r0_w0_2020-02-25_16-12-30.jpg,"[{""height"":49,""label"":""Truck"",""left"":19,""top"":203,""width"":57},{""height"":16,""label"":""Car"",""left"":55,""top"":189,""width"":30}]",576,704,,,0
28,3P0I4CQYW2ITZDCSMCAWL74Y9BROWM,3A16Z74070XQIKKB86WXHX3JHRKJOP,Draw bounding boxes around the requested items on the street camera images,"Draw bounding boxes around the object of following classes: 'Car', 'Van', 'Truck', 'Trailer', 'Bus', 'Motorbike', 'Bicycle', 'Heavy Equipment', 'Car Trailer', 'Bicycle', 'Tractor', 'Pedestrian'","bounding box, camera",$0.01,Fri Apr 17 13:26:15 PDT 2020,2,BatchId:3998716;OriginalHitTemplateId:928390838;,3600,259200,Fri Apr 24 13:26:15 PDT 2020,,,33UKMF931EVJ68AZDRWLHHZ8F5PTT3,A3VVSP8OL29QJM,Approved,Sun Apr 19 02:30:39 PDT 2020,Sun Apr 19 02:31:21 PDT 2020,Wed Apr 22 02:31:21 PDT 2020,Wed Apr 22 02:32:15 PDT 2020,,,42,100% (7/7),100% (7/7),100% (7/7),https://reconai-traffic.s3.eu-central-1.amazonaws.com/images/C0153900_r0_w0_2020-02-24_18-24-30.jpg,"[{""height"":59,""label"":""Car"",""left"":21,""top"":182,""width"":53}]",576,704,,,0
29,3PCPFX4U541U933DB0S06ODYT9JFQN,3A16Z74070XQIKKB86WXHX3JHRKJOP,Draw bounding boxes around the requested items on the street camera images,"Draw bounding boxes around the object of following classes: 'Car', 'Van', 'Truck', 'Trailer', 'Bus', 'Motorbike', 'Bicycle', 'Heavy Equipment', 'Car Trailer', 'Bicycle', 'Tractor', 'Pedestrian'","bounding box, camera",$0.01,Fri Apr 17 13:26:16 PDT 2020,2,BatchId:3998716;OriginalHitTemplateId:928390838;,3600,259200,Fri Apr 24 13:26:16 PDT 2020,,,3WRFBPLXRFZGCE7L1G4IQ5PIWOR3NW,A23RGS48XSHCT5,Approved,Sun Apr 19 02:49:29 PDT 2020,Sun Apr 19 02:50:00 PDT 2020,Wed Apr 22 02:50:00 PDT 2020,Wed Apr 22 02:50:15 PDT 2020,,,31,100% (4/4),100% (4/4),100% (4/4),https://reconai-traffic.s3.eu-central-1.amazonaws.com/images/C0163301_r0_w0_2020-02-23_12-25-51.jpg,[],576,720,,,0
30,3MXX6RQ9FZGZBB59R6HSFFQXZNOP4I,3A16Z74070XQIKKB86WXHX3JHRKJOP,Draw bounding boxes around the requested items on the street camera images,"Draw bounding boxes around the object of following classes: 'Car', 'Van', 'Truck', 'Trailer', 'Bus', 'Motorbike', 'Bicycle', 'Heavy Equipment', 'Car Trailer', 'Bicycle', 'Tractor', 'Pedestrian'","bounding box, camera",$0.01,Fri Apr 17 13:26:17 PDT 2020,2,BatchId:3998716;OriginalHitTemplateId:928390838;,3600,259200,Fri Apr 24 13:26:17 PDT 2020,,,3E13VNJ1NS6SOAIFHWD7X4E4C5JI13,A23RGS48XSHCT5,Approved,Sun Apr 19 02:48:40 PDT 2020,Sun Apr 19 02:49:29 PDT 2020,Wed Apr 22 02:49:29 PDT 2020,Wed Apr 22 02:50:15 PDT 2020,,,49,100% (4/4),100% (4/4),100% (4/4),https://reconai-traffic.s3.eu-central-1.amazonaws.com/images/C0153201_r0_w0_2020-02-21_15-26-49.jpg,"[{""height"":17,""label"":""Car"",""left"":433,""top"":61,""width"":20},{""height"":21,""label"":""Car"",""left"":273,""top"":58,""width"":23},{""height"":22,""label"":""Car"",""left"":234,""top"":91,""width"":22},{""height"":42,""label"":""Car"",""left"":124,""top"":181,""width"":44}]",576,704,,,0
31,3XUY87HIWTP9UYX25UPWK5D2G9YMME,3A16Z74070XQIKKB86WXHX3JHRKJOP,Draw bounding boxes around the requested items on the street camera images,"Draw bounding boxes around the object of following classes: 'Car', 'Van', 'Truck', 'Trailer', 'Bus', 'Motorbike', 'Bicycle', 'Heavy Equipment', 'Car Trailer', 'Bicycle', 'Tractor', 'Pedestrian'","bounding box, camera",$0.01,Fri Apr 17 13:26:17 PDT 2020,2,BatchId:3998716;OriginalHitTemplateId:928390838;,3600,259200,Fri Apr 24 13:26:17 PDT 2020,,,3FTYUGLFSZWA4H3CQ5E89XB8WGG5D6,A23RGS48XSHCT5,Approved,Sun Apr 19 02:50:00 PDT 2020,Sun Apr 19 02:50:56 PDT 2020,Wed Apr 22 02:50:56 PDT 2020,Wed Apr 22 02:51:15 PDT 2020,,,56,100% (4/4),100% (4/4),100% (4/4),https://reconai-traffic.s3.eu-central-1.amazonaws.com/images/C0153201_r0_w0_2020-02-21_20-26-50.jpg,"[{""height"":36,""label"":""Car"",""left"":146,""top"":165,""width"":49}]",576,704,,,0
32,36JW4WBR1AVHWA4ASA56XALX2MNHFT,3A16Z74070XQIKKB86WXHX3JHRKJOP,Draw bounding boxes around the requested items on the street camera images,"Draw bounding boxes around the object of following classes: 'Car', 'Van', 'Truck', 'Trailer', 'Bus', 'Motorbike', 'Bicycle', 'Heavy Equipment', 'Car Trailer', 'Bicycle', 'Tractor', 'Pedestrian'","bounding box, camera",$0.01,Fri Apr 17 13:26:17 PDT 2020,2,BatchId:3998716;OriginalHitTemplateId:928390838;,3600,259200,Fri Apr 24 13:26:17 PDT 2020,,,3M1CVSFP65G1ZWJYQNB9H7YT796AQM,A23RGS48XSHCT5,Approved,Sun Apr 19 02:50:57 PDT 2020,Sun Apr 19 02:51:21 PDT 2020,Wed Apr 22 02:51:21 PDT 2020,Wed Apr 22 02:52:15 PDT 2020,,,24,100% (4/4),100% (4/4),100% (4/4),https://reconai-traffic.s3.eu-central-1.amazonaws.com/images/C0360400_r0_w0_2020-02-25_04-34-19.jpg,"[{""height"":49,""label"":""Car"",""left"":123,""top"":187,""width"":79}]",576,720,,,0
33,368IUKXGB9JDQY9NAUA7CDABVEUP63,3A16Z74070XQIKKB86WXHX3JHRKJOP,Draw bounding boxes around the requested items on the street camera images,"Draw bounding boxes around the object of following classes: 'Car', 'Van', 'Truck', 'Trailer', 'Bus', 'Motorbike', 'Bicycle', 'Heavy Equipment', 'Car Trailer', 'Bicycle', 'Tractor', 'Pedestrian'","bounding box, camera",$0.01,Fri Apr 17 13:26:18 PDT 2020,2,BatchId:3998716;OriginalHitTemplateId:928390838;,3600,259200,Fri Apr 24 13:26:18 PDT 2020,,,3FTYUGLFSZWA4H3CQ5E89XB8WGGD5E,AZX6D33D9PHGA,Approved,Sun Apr 19 02:48:39 PDT 2020,Sun Apr 19 02:51:43 PDT 2020,Wed Apr 22 02:51:43 PDT 2020,Wed Apr 22 02:52:15 PDT 2020,,,184,100% (5/5),100% (5/5),100% (5/5),https://reconai-traffic.s3.eu-central-1.amazonaws.com/images/C0153202_r0_w0_2020-02-24_13-26-28.jpg,"[{""height"":23,""label"":""Car"",""left"":154,""top"":181,""width"":30},{""height"":17,""label"":""Car"",""left"":243,""top"":148,""width"":22},{""height"":11,""label"":""Car"",""left"":287,""top"":92,""width"":10},{""height"":10,""label"":""Car"",""left"":312,""top"":85,""width"":12},{""height"":44,""label"":""Car"",""left"":599,""top"":295,""width"":59},{""height"":24,""label"":""Car"",""left"":466,""top"":211,""width"":34},{""height"":19,""label"":""Car"",""left"":458,""top"":155,""width"":22},{""height"":15,""label"":""Car"",""left"":407,""top"":130,""width"":17},{""height"":14,""label"":""Car"",""left"":426,""top"":120,""width"":15},{""height"":15,""label"":""Trailer"",""left"":311,""top"":68,""width"":12},{""height"":7,""label"":""Car"",""left"":326,""top"":80,""width"":6},{""height"":7,""label"":""Car"",""left"":329,""top"":73,""width"":8},{""height"":11,""label"":""Car"",""left"":406,""top"":94,""width"":12},{""height"":13,""label"":""Car"",""left"":382,""top"":80,""width"":13}]",576,704,,,0
34,33NKDW9FG1T7FOKF6CXRSQOOTZECX6,3A16Z74070XQIKKB86WXHX3JHRKJOP,Draw bounding boxes around the requested items on the street camera images,"Draw bounding boxes around the object of following classes: 'Car', 'Van', 'Truck', 'Trailer', 'Bus', 'Motorbike', 'Bicycle', 'Heavy Equipment', 'Car Trailer', 'Bicycle', 'Tractor', 'Pedestrian'","bounding box, camera",$0.01,Fri Apr 17 13:26:15 PDT 2020,2,BatchId:3998716;OriginalHitTemplateId:928390838;,3600,259200,Fri Apr 24 13:26:15 PDT 2020,,,3EFVCAY5L8K6ULM6YZ7MOFGC3QE8JP,AZX6D33D9PHGA,Approved,Sun Apr 19 02:51:44 PDT 2020,Sun Apr 19 02:53:50 PDT 2020,Wed Apr 22 02:53:50 PDT 2020,Wed Apr 22 02:54:15 PDT 2020,,,126,100% (5/5),100% (5/5),100% (5/5),https://reconai-traffic.s3.eu-central-1.amazonaws.com/images/C0153900_r0_w0_2020-02-25_09-12-30.jpg,"[{""height"":18,""label"":""Car"",""left"":28,""top"":221,""width"":44},{""height"":16,""label"":""Car"",""left"":39,""top"":198,""width"":38},{""height"":13,""label"":""Car"",""left"":58,""top"":173,""width"":30},{""height"":14,""label"":""Van"",""left"":49,""top"":186,""width"":36}]",576,704,,,0
35,33IXYHIZC9TLB61WEEITSOUV12Q2EE,3A16Z74070XQIKKB86WXHX3JHRKJOP,Draw bounding boxes around the requested items on the street camera images,"Draw bounding boxes around the object of following classes: 'Car', 'Van', 'Truck', 'Trailer', 'Bus', 'Motorbike', 'Bicycle', 'Heavy Equipment', 'Car Trailer', 'Bicycle', 'Tractor', 'Pedestrian'","bounding box, camera",$0.01,Fri Apr 17 13:26:15 PDT 2020,2,BatchId:3998716;OriginalHitTemplateId:928390838;,3600,259200,Fri Apr 24 13:26:15 PDT 2020,,,3C44YUNSI60EXRLVAKNM73GPNGHDP0,A2QA9ZEID1R7RN,Approved,Sun Apr 19 02:54:09 PDT 2020,Sun Apr 19 02:54:22 PDT 2020,Wed Apr 22 02:54:22 PDT 2020,Wed Apr 22 02:55:15 PDT 2020,,,13,100% (5/5),100% (5/5),100% (5/5),https://reconai-traffic.s3.eu-central-1.amazonaws.com/images/C0158402_r0_w0_2020-02-24_18-26-06.jpg,"[{""height"":80,""label"":""Car"",""left"":252,""top"":185,""width"":90}]",576,704,,,0
36,3I01FDIL7QJGJ0NWIJ79M6CA1QPD2W,3A16Z74070XQIKKB86WXHX3JHRKJOP,Draw bounding boxes around the requested items on the street camera images,"Draw bounding boxes around the object of following classes: 'Car', 'Van', 'Truck', 'Trailer', 'Bus', 'Motorbike', 'Bicycle', 'Heavy Equipment', 'Car Trailer', 'Bicycle', 'Tractor', 'Pedestrian'","bounding box, camera",$0.01,Fri Apr 17 13:26:17 PDT 2020,2,BatchId:3998716;OriginalHitTemplateId:928390838;,3600,259200,Fri Apr 24 13:26:17 PDT 2020,,,3WOKGM4L76R2D780J8MC3WRGJMCO01,A2QA9ZEID1R7RN,Approved,Sun Apr 19 02:54:26 PDT 2020,Sun Apr 19 02:54:58 PDT 2020,Wed Apr 22 02:54:58 PDT 2020,Wed Apr 22 02:55:15 PDT 2020,,,32,100% (5/5),100% (5/5),100% (5/5),https://reconai-traffic.s3.eu-central-1.amazonaws.com/images/C0153201_r0_w0_2020-02-24_09-26-50.jpg,"[{""height"":33,""label"":""Car"",""left"":201,""top"":115,""width"":50},{""height"":90,""label"":""Car"",""left"":88,""top"":258,""width"":65},{""height"":22,""label"":""Car"",""left"":289,""top"":37,""width"":21},{""height"":21,""label"":""Car"",""left"":314,""top"":43,""width"":10},{""height"":84,""label"":""Car"",""left"":1,""top"":267,""width"":56}]",576,704,,,0
37,3TFJJUELTL06E8HIINCY20USGQD2CL,3A16Z74070XQIKKB86WXHX3JHRKJOP,Draw bounding boxes around the requested items on the street camera images,"Draw bounding boxes around the object of following classes: 'Car', 'Van', 'Truck', 'Trailer', 'Bus', 'Motorbike', 'Bicycle', 'Heavy Equipment', 'Car Trailer', 'Bicycle', 'Tractor', 'Pedestrian'","bounding box, camera",$0.01,Fri Apr 17 13:26:15 PDT 2020,2,BatchId:3998716;OriginalHitTemplateId:928390838;,3600,259200,Fri Apr 24 13:26:15 PDT 2020,,,3MAOD8E57VLSSCEZL5B6XLEM3JSNXG,AZX6D33D9PHGA,Approved,Sun Apr 19 02:53:51 PDT 2020,Sun Apr 19 02:55:27 PDT 2020,Wed Apr 22 02:55:27 PDT 2020,Wed Apr 22 02:56:15 PDT 2020,,,96,100% (5/5),100% (5/5),100% (5/5),https://reconai-traffic.s3.eu-central-1.amazonaws.com/images/C0153900_r0_w0_2020-02-24_16-00-30.jpg,"[{""height"":23,""label"":""Car"",""left"":5,""top"":252,""width"":40},{""height"":22,""label"":""Van"",""left"":5,""top"":229,""width"":52},{""height"":25,""label"":""Truck"",""left"":6,""top"":204,""width"":61}]",576,704,,,0
38,3VIVIU06GONNYF7BKFR4SC6LZ0EMIY,3A16Z74070XQIKKB86WXHX3JHRKJOP,Draw bounding boxes around the requested items on the street camera images,"Draw bounding boxes around the object of following classes: 'Car', 'Van', 'Truck', 'Trailer', 'Bus', 'Motorbike', 'Bicycle', 'Heavy Equipment', 'Car Trailer', 'Bicycle', 'Tractor', 'Pedestrian'","bounding box, camera",$0.01,Fri Apr 17 13:26:16 PDT 2020,2,BatchId:3998716;OriginalHitTemplateId:928390838;,3600,259200,Fri Apr 24 13:26:16 PDT 2020,,,3YMU66OBISJPWUXYTXGP4FHVEHNGH8,A2QA9ZEID1R7RN,Approved,Sun Apr 19 02:55:06 PDT 2020,Sun Apr 19 02:55:17 PDT 2020,Wed Apr 22 02:55:17 PDT 2020,Wed Apr 22 02:56:15 PDT 2020,,,11,100% (5/5),100% (5/5),100% (5/5),https://reconai-traffic.s3.eu-central-1.amazonaws.com/images/C0163301_r0_w0_2020-02-24_13-25-51.jpg,"[{""height"":56,""label"":""Car"",""left"":69,""top"":169,""width"":77}]",576,720,,,0
39,3L55D8AUGE8WFTAPB8JTB4VXV58CYC,3A16Z74070XQIKKB86WXHX3JHRKJOP,Draw bounding boxes around the requested items on the street camera images,"Draw bounding boxes around the object of following classes: 'Car', 'Van', 'Truck', 'Trailer', 'Bus', 'Motorbike', 'Bicycle', 'Heavy Equipment', 'Car Trailer', 'Bicycle', 'Tractor', 'Pedestrian'","bounding box, camera",$0.01,Fri Apr 17 13:26:16 PDT 2020,2,BatchId:3998716;OriginalHitTemplateId:928390838;,3600,259200,Fri Apr 24 13:26:16 PDT 2020,,,3UJ1CZ6IZM0G66MUNV9X4WX8XJQ5S0,AZX6D33D9PHGA,Approved,Sun Apr 19 02:55:28 PDT 2020,Sun Apr 19 02:56:18 PDT 2020,Wed Apr 22 02:56:18 PDT 2020,Wed Apr 22 02:57:15 PDT 2020,,,50,100% (5/5),100% (5/5),100% (5/5),https://reconai-traffic.s3.eu-central-1.amazonaws.com/images/C0163400_r0_w0_2020-02-24_13-34-09.jpg,"[{""height"":7,""label"":""Car"",""left"":375,""top"":47,""width"":8}]",576,720,,,0
40,31D0ZWOD1EABPJH6JMCTDHBPJP8A07,3A16Z74070XQIKKB86WXHX3JHRKJOP,Draw bounding boxes around the requested items on the street camera images,"Draw bounding boxes around the object of following classes: 'Car', 'Van', 'Truck', 'Trailer', 'Bus', 'Motorbike', 'Bicycle', 'Heavy Equipment', 'Car Trailer', 'Bicycle', 'Tractor', 'Pedestrian'","bounding box, camera",$0.01,Fri Apr 17 13:26:15 PDT 2020,2,BatchId:3998716;OriginalHitTemplateId:928390838;,3600,259200,Fri Apr 24 13:26:15 PDT 2020,,,3ZY8KE4ISOELRKMW1I25DUC6SJ7QV3,A2QA9ZEID1R7RN,Approved,Sun Apr 19 02:57:20 PDT 2020,Sun Apr 19 02:57:40 PDT 2020,Wed Apr 22 02:57:40 PDT 2020,Wed Apr 22 02:58:15 PDT 2020,,,20,100% (5/5),100% (5/5),100% (5/5),https://reconai-traffic.s3.eu-central-1.amazonaws.com/images/C0158402_r0_w0_2020-02-25_04-26-07.jpg,"[{""height"":55,""label"":""Car"",""left"":542,""top"":61,""width"":54},{""height"":32,""label"":""Car"",""left"":647,""top"":143,""width"":57}]",576,704,,,0
41,31YWE12TF4N137PJFVPGC4WASON7X8,3A16Z74070XQIKKB86WXHX3JHRKJOP,Draw bounding boxes around the requested items on the street camera images,"Draw bounding boxes around the object of following classes: 'Car', 'Van', 'Truck', 'Trailer', 'Bus', 'Motorbike', 'Bicycle', 'Heavy Equipment', 'Car Trailer', 'Bicycle', 'Tractor', 'Pedestrian'","bounding box, camera",$0.01,Fri Apr 17 13:26:15 PDT 2020,2,BatchId:3998716;OriginalHitTemplateId:928390838;,3600,259200,Fri Apr 24 13:26:15 PDT 2020,,,3P529IW9K3WL4QKT9YP5EMAQUJWLFL,AZX6D33D9PHGA,Approved,Sun Apr 19 02:56:19 PDT 2020,Sun Apr 19 02:58:25 PDT 2020,Wed Apr 22 02:58:25 PDT 2020,Wed Apr 22 02:59:15 PDT 2020,,,126,100% (5/5),100% (5/5),100% (5/5),https://reconai-traffic.s3.eu-central-1.amazonaws.com/images/C0153900_r0_w0_2020-02-24_08-24-30.jpg,"[{""height"":27,""label"":""Trailer"",""left"":404,""top"":252,""width"":51},{""height"":32,""label"":""Truck"",""left"":19,""top"":188,""width"":60},{""height"":18,""label"":""Car"",""left"":25,""top"":228,""width"":51},{""height"":26,""label"":""Truck"",""left"":4,""top"":166,""width"":24},{""height"":29,""label"":""Trailer"",""left"":11,""top"":272,""width"":43},{""height"":15,""label"":""Car"",""left"":60,""top"":173,""width"":25}]",576,704,,,0
42,3YD0MU1ND6CP7UHQ4LX2SWLCR3EA77,3A16Z74070XQIKKB86WXHX3JHRKJOP,Draw bounding boxes around the requested items on the street camera images,"Draw bounding boxes around the object of following classes: 'Car', 'Van', 'Truck', 'Trailer', 'Bus', 'Motorbike', 'Bicycle', 'Heavy Equipment', 'Car Trailer', 'Bicycle', 'Tractor', 'Pedestrian'","bounding box, camera",$0.01,Fri Apr 17 13:26:18 PDT 2020,2,BatchId:3998716;OriginalHitTemplateId:928390838;,3600,259200,Fri Apr 24 13:26:18 PDT 2020,,,36DSNE9QZA99FD9M5GWIL16CIVIOJ8,A2QA9ZEID1R7RN,Approved,Sun Apr 19 02:57:40 PDT 2020,Sun Apr 19 02:58:25 PDT 2020,Wed Apr 22 02:58:25 PDT 2020,Wed Apr 22 02:59:15 PDT 2020,,,45,100% (5/5),100% (5/5),100% (5/5),https://reconai-traffic.s3.eu-central-1.amazonaws.com/images/C0153202_r0_w0_2020-02-23_17-26-28.jpg,"[{""height"":79,""label"":""Car"",""left"":592,""top"":272,""width"":95},{""height"":50,""label"":""Car"",""left"":476,""top"":212,""width"":55},{""height"":35,""label"":""Car"",""left"":166,""top"":162,""width"":57},{""height"":30,""label"":""Car"",""left"":427,""top"":123,""width"":35},{""height"":44,""label"":""Car"",""left"":254,""top"":103,""width"":35},{""height"":33,""label"":""Car"",""left"":290,""top"":80,""width"":26},{""height"":21,""label"":""Car"",""left"":385,""top"":82,""width"":16},{""height"":17,""label"":""Car"",""left"":401,""top"":87,""width"":14}]",576,704,,,0
43,3PEG1BH7BI2ILJT2TTM7RCA4F5ZKBI,3A16Z74070XQIKKB86WXHX3JHRKJOP,Draw bounding boxes around the requested items on the street camera images,"Draw bounding boxes around the object of following classes: 'Car', 'Van', 'Truck', 'Trailer', 'Bus', 'Motorbike', 'Bicycle', 'Heavy Equipment', 'Car Trailer', 'Bicycle', 'Tractor', 'Pedestrian'","bounding box, camera",$0.01,Fri Apr 17 13:26:16 PDT 2020,2,BatchId:3998716;OriginalHitTemplateId:928390838;,3600,259200,Fri Apr 24 13:26:16 PDT 2020,,,354P56DE9PEVTA0DBOOU2GB4OPLS72,A36GYEBQ8DJRYF,Approved,Sun Apr 19 03:07:18 PDT 2020,Sun Apr 19 03:07:53 PDT 2020,Wed Apr 22 03:07:53 PDT 2020,Wed Apr 22 03:08:15 PDT 2020,,,35,100% (1/1),100% (1/1),100% (1/1),https://reconai-traffic.s3.eu-central-1.amazonaws.com/images/C0163400_r0_w0_2020-02-24_23-34-09.jpg,[],576,720,,,0
44,37ZQELHER49FCGI2HV4WXK22LZ8MNE,3A16Z74070XQIKKB86WXHX3JHRKJOP,Draw bounding boxes around the requested items on the street camera images,"Draw bounding boxes around the object of following classes: 'Car', 'Van', 'Truck', 'Trailer', 'Bus', 'Motorbike', 'Bicycle', 'Heavy Equipment', 'Car Trailer', 'Bicycle', 'Tractor', 'Pedestrian'","bounding box, camera",$0.01,Fri Apr 17 13:26:17 PDT 2020,2,BatchId:3998716;OriginalHitTemplateId:928390838;,3600,259200,Fri Apr 24 13:26:17 PDT 2020,,,39GXDJN2OYPFLGM0FOL5R3R6YDM8VB,A2OCCC9NIHLA2D,Approved,Sun Apr 19 03:18:42 PDT 2020,Sun Apr 19 03:19:07 PDT 2020,Wed Apr 22 03:19:07 PDT 2020,Wed Apr 22 03:19:15 PDT 2020,,,25,100% (1/1),100% (1/1),100% (1/1),https://reconai-traffic.s3.eu-central-1.amazonaws.com/images/C0153201_r0_w0_2020-02-24_08-26-50.jpg,"[{""height"":28,""label"":""Car"",""left"":404,""top"":27,""width"":40}]",576,704,,,0
45,35U0MRQMVNIGKOCNW250Z5LK22POVC,3A16Z74070XQIKKB86WXHX3JHRKJOP,Draw bounding boxes around the requested items on the street camera images,"Draw bounding boxes around the object of following classes: 'Car', 'Van', 'Truck', 'Trailer', 'Bus', 'Motorbike', 'Bicycle', 'Heavy Equipment', 'Car Trailer', 'Bicycle', 'Tractor', 'Pedestrian'","bounding box, camera",$0.01,Fri Apr 17 13:26:15 PDT 2020,2,BatchId:3998716;OriginalHitTemplateId:928390838;,3600,259200,Fri Apr 24 13:26:15 PDT 2020,,,3ZPBJO59KUCMKAN7R7FHYUEY1PADHY,A2G4SX2VMF4YLJ,Approved,Sun Apr 19 03:53:47 PDT 2020,Sun Apr 19 03:54:08 PDT 2020,Wed Apr 22 03:54:08 PDT 2020,Wed Apr 22 03:54:15 PDT 2020,,,21,100% (2/2),100% (2/2),100% (2/2),https://reconai-traffic.s3.eu-central-1.amazonaws.com/images/C0153900_r0_w0_2020-02-24_09-36-30.jpg,"[{""height"":136,""label"":""Car"",""left"":0,""top"":165,""width"":89}]",576,704,,,0
